Key,Opponent,Value
Aphelios,"('Braum', 'Ashe')",0.5611499999999999
Aphelios,"('Braum', 'Caitlyn')",0.51125
Aphelios,"('Braum', 'Corki bot')",0.4193249999999999
Aphelios,"('Braum', 'Ezreal')",0.543575
Aphelios,"('Braum', 'Jhin')",0.6251000000000001
Aphelios,"('Braum', 'Jinx')",0.5294
Aphelios,"('Braum', ""Kai'Sa"")",0.6187
Aphelios,"('Braum', ""Kog'Maw"")",0.61855
Aphelios,"('Braum', 'Xayah')",0.52625
Aphelios,"('Karma', 'Ashe')",0.535725
Aphelios,"('Karma', 'Caitlyn')",0.592575
Aphelios,"('Karma', 'Corki bot')",0.59615
Aphelios,"('Karma', 'Ezreal')",0.6389
Aphelios,"('Karma', 'Jhin')",0.616925
Aphelios,"('Karma', 'Jinx')",0.506225
Aphelios,"('Karma', ""Kai'Sa"")",0.6570250000000002
Aphelios,"('Karma', ""Kog'Maw"")",0.4828750000000001
Aphelios,"('Karma', 'Xayah')",0.656825
Aphelios,"('Leona', 'Ashe')",0.6433250000000001
Aphelios,"('Leona', 'Caitlyn')",0.5791750000000001
Aphelios,"('Leona', 'Corki bot')",0.50725
Aphelios,"('Leona', 'Ezreal')",0.65125
Aphelios,"('Leona', 'Jhin')",0.6597750000000001
Aphelios,"('Leona', 'Jinx')",0.4230749999999999
Aphelios,"('Leona', ""Kai'Sa"")",0.6466249999999999
Aphelios,"('Leona', ""Kog'Maw"")",0.5894750000000001
Aphelios,"('Leona', 'Xayah')",0.6791749999999999
Aphelios,"('Lulu', 'Ashe')",0.5742999999999999
Aphelios,"('Lulu', 'Caitlyn')",0.6254
Aphelios,"('Lulu', 'Corki bot')",0.5777249999999998
Aphelios,"('Lulu', 'Ezreal')",0.6027249999999998
Aphelios,"('Lulu', 'Jhin')",0.7415
Aphelios,"('Lulu', 'Jinx')",0.5605499999999999
Aphelios,"('Lulu', ""Kai'Sa"")",0.68485
Aphelios,"('Lulu', ""Kog'Maw"")",0.5667
Aphelios,"('Lulu', 'Xayah')",0.61465
Aphelios,"('Nami', 'Ashe')",0.60505
Aphelios,"('Nami', 'Caitlyn')",0.68315
Aphelios,"('Nami', 'Corki bot')",0.4677249999999999
Aphelios,"('Nami', 'Ezreal')",0.6587249999999999
Aphelios,"('Nami', 'Jhin')",0.576
Aphelios,"('Nami', 'Jinx')",0.5635499999999999
Aphelios,"('Nami', ""Kai'Sa"")",0.7788499999999999
Aphelios,"('Nami', ""Kog'Maw"")",0.64445
Aphelios,"('Nami', 'Xayah')",0.7123999999999999
Aphelios,"('Nautilus', 'Ashe')",0.6213500000000001
Aphelios,"('Nautilus', 'Caitlyn')",0.7172
Aphelios,"('Nautilus', 'Corki bot')",0.5660250000000001
Aphelios,"('Nautilus', 'Ezreal')",0.658775
Aphelios,"('Nautilus', 'Jhin')",0.7005499999999999
Aphelios,"('Nautilus', 'Jinx')",0.6616
Aphelios,"('Nautilus', ""Kai'Sa"")",0.7424
Aphelios,"('Nautilus', ""Kog'Maw"")",0.6005
Aphelios,"('Nautilus', 'Xayah')",0.6076999999999999
Aphelios,"('Pyke', 'Ashe')",0.6125999999999999
Aphelios,"('Pyke', 'Caitlyn')",0.6094499999999998
Aphelios,"('Pyke', 'Corki bot')",0.4347749999999999
Aphelios,"('Pyke', 'Ezreal')",0.7042750000000001
Aphelios,"('Pyke', 'Jhin')",0.6908
Aphelios,"('Pyke', 'Jinx')",0.56985
Aphelios,"('Pyke', ""Kai'Sa"")",0.7351499999999999
Aphelios,"('Pyke', ""Kog'Maw"")",0.4669999999999998
Aphelios,"('Pyke', 'Xayah')",0.5004499999999998
Aphelios,"('Rakan', 'Ashe')",0.414825
Aphelios,"('Rakan', 'Caitlyn')",0.3472249999999999
Aphelios,"('Rakan', 'Corki bot')",0.3389000000000001
Aphelios,"('Rakan', 'Ezreal')",0.4988250000000001
Aphelios,"('Rakan', 'Jhin')",0.5021249999999999
Aphelios,"('Rakan', 'Jinx')",0.468125
Aphelios,"('Rakan', ""Kai'Sa"")",0.527525
Aphelios,"('Rakan', ""Kog'Maw"")",0.521525
Aphelios,"('Rakan', 'Xayah')",0.4637750000000001
Aphelios,"('Rell', 'Ashe')",0.5649249999999999
Aphelios,"('Rell', 'Caitlyn')",0.6027749999999998
Aphelios,"('Rell', 'Corki bot')",0.4406
Aphelios,"('Rell', 'Ezreal')",0.61135
Aphelios,"('Rell', 'Jhin')",0.6038749999999999
Aphelios,"('Rell', 'Jinx')",0.475675
Aphelios,"('Rell', ""Kai'Sa"")",0.5874749999999999
Aphelios,"('Rell', ""Kog'Maw"")",0.4923249999999999
Aphelios,"('Rell', 'Xayah')",0.574525
Aphelios,"('Thresh', 'Ashe')",0.6405249999999999
Aphelios,"('Thresh', 'Caitlyn')",0.5356249999999999
Aphelios,"('Thresh', 'Corki bot')",0.5389499999999999
Aphelios,"('Thresh', 'Ezreal')",0.7089500000000001
Aphelios,"('Thresh', 'Jhin')",0.7097249999999999
Aphelios,"('Thresh', 'Jinx')",0.494525
Aphelios,"('Thresh', ""Kai'Sa"")",0.6915749999999999
Aphelios,"('Thresh', ""Kog'Maw"")",0.525425
Aphelios,"('Thresh', 'Xayah')",0.5713749999999999
Ashe,"('Braum', 'Aphelios')",0.6839
Ashe,"('Braum', 'Caitlyn')",0.5117999999999999
Ashe,"('Braum', 'Corki bot')",0.4285249999999999
Ashe,"('Braum', 'Ezreal')",0.5337500000000001
Ashe,"('Braum', 'Jhin')",0.6148500000000001
Ashe,"('Braum', 'Jinx')",0.5327249999999999
Ashe,"('Braum', ""Kai'Sa"")",0.5750500000000001
Ashe,"('Braum', ""Kog'Maw"")",0.606825
Ashe,"('Braum', 'Xayah')",0.5402750000000001
Ashe,"('Karma', 'Aphelios')",0.7089
Ashe,"('Karma', 'Caitlyn')",0.5661499999999999
Ashe,"('Karma', 'Corki bot')",0.5801
Ashe,"('Karma', 'Ezreal')",0.6041249999999999
Ashe,"('Karma', 'Jhin')",0.5869500000000001
Ashe,"('Karma', 'Jinx')",0.4735249999999999
Ashe,"('Karma', ""Kai'Sa"")",0.6029750000000001
Ashe,"('Karma', ""Kog'Maw"")",0.4473250000000001
Ashe,"('Karma', 'Xayah')",0.638125
Ashe,"('Leona', 'Aphelios')",0.7639249999999999
Ashe,"('Leona', 'Caitlyn')",0.564575
Ashe,"('Leona', 'Corki bot')",0.5013
Ashe,"('Leona', 'Ezreal')",0.6262749999999998
Ashe,"('Leona', 'Jhin')",0.634375
Ashe,"('Leona', 'Jinx')",0.4112499999999998
Ashe,"('Leona', ""Kai'Sa"")",0.587825
Ashe,"('Leona', ""Kog'Maw"")",0.5626000000000001
Ashe,"('Leona', 'Xayah')",0.6780499999999999
Ashe,"('Lulu', 'Aphelios')",0.6090249999999999
Ashe,"('Lulu', 'Caitlyn')",0.605175
Ashe,"('Lulu', 'Corki bot')",0.5661499999999999
Ashe,"('Lulu', 'Ezreal')",0.5721249999999999
Ashe,"('Lulu', 'Jhin')",0.7104750000000001
Ashe,"('Lulu', 'Jinx')",0.5431
Ashe,"('Lulu', ""Kai'Sa"")",0.620425
Ashe,"('Lulu', ""Kog'Maw"")",0.5342
Ashe,"('Lulu', 'Xayah')",0.6079000000000001
Ashe,"('Nami', 'Aphelios')",0.724425
Ashe,"('Nami', 'Caitlyn')",0.6695750000000001
Ashe,"('Nami', 'Corki bot')",0.4628
Ashe,"('Nami', 'Ezreal')",0.6347749999999999
Ashe,"('Nami', 'Jhin')",0.5516249999999999
Ashe,"('Nami', 'Jinx')",0.55275
Ashe,"('Nami', ""Kai'Sa"")",0.721075
Ashe,"('Nami', ""Kog'Maw"")",0.6186000000000001
Ashe,"('Nami', 'Xayah')",0.7122999999999999
Ashe,"('Nautilus', 'Aphelios')",0.693575
Ashe,"('Nautilus', 'Caitlyn')",0.696225
Ashe,"('Nautilus', 'Corki bot')",0.5537000000000001
Ashe,"('Nautilus', 'Ezreal')",0.6274249999999999
Ashe,"('Nautilus', 'Jhin')",0.668775
Ashe,"('Nautilus', 'Jinx')",0.6434000000000001
Ashe,"('Nautilus', ""Kai'Sa"")",0.677225
Ashe,"('Nautilus', ""Kog'Maw"")",0.56725
Ashe,"('Nautilus', 'Xayah')",0.6002
Ashe,"('Pyke', 'Aphelios')",0.616875
Ashe,"('Pyke', 'Caitlyn')",0.5772749999999999
Ashe,"('Pyke', 'Corki bot')",0.41125
Ashe,"('Pyke', 'Ezreal')",0.661725
Ashe,"('Pyke', 'Jhin')",0.647825
Ashe,"('Pyke', 'Jinx')",0.54045
Ashe,"('Pyke', ""Kai'Sa"")",0.6650999999999999
Ashe,"('Pyke', ""Kog'Maw"")",0.42255
Ashe,"('Pyke', 'Xayah')",0.4817499999999999
Ashe,"('Rakan', 'Aphelios')",0.4642749999999999
Ashe,"('Rakan', 'Caitlyn')",0.4456749999999999
Ashe,"('Rakan', 'Corki bot')",0.4364
Ashe,"('Rakan', 'Ezreal')",0.5976250000000001
Ashe,"('Rakan', 'Jhin')",0.595225
Ashe,"('Rakan', 'Jinx')",0.5783499999999999
Ashe,"('Rakan', ""Kai'Sa"")",0.602675
Ashe,"('Rakan', ""Kog'Maw"")",0.61145
Ashe,"('Rakan', 'Xayah')",0.5709000000000001
Ashe,"('Rell', 'Aphelios')",0.616175
Ashe,"('Rell', 'Caitlyn')",0.5988249999999999
Ashe,"('Rell', 'Corki bot')",0.4453
Ashe,"('Rell', 'Ezreal')",0.597025
Ashe,"('Rell', 'Jhin')",0.5891249999999999
Ashe,"('Rell', 'Jinx')",0.4745
Ashe,"('Rell', ""Kai'Sa"")",0.5393249999999999
Ashe,"('Rell', ""Kog'Maw"")",0.4760999999999999
Ashe,"('Rell', 'Xayah')",0.5840500000000001
Ashe,"('Thresh', 'Aphelios')",0.6121749999999999
Ashe,"('Thresh', 'Caitlyn')",0.5250749999999998
Ashe,"('Thresh', 'Corki bot')",0.5370499999999999
Ashe,"('Thresh', 'Ezreal')",0.688025
Ashe,"('Thresh', 'Jhin')",0.6926500000000001
Ashe,"('Thresh', 'Jinx')",0.4867499999999999
Ashe,"('Thresh', ""Kai'Sa"")",0.6368249999999999
Ashe,"('Thresh', ""Kog'Maw"")",0.5026
Ashe,"('Thresh', 'Xayah')",0.5742999999999999
Caitlyn,"('Braum', 'Aphelios')",0.751375
Caitlyn,"('Braum', 'Ashe')",0.6035249999999999
Caitlyn,"('Braum', 'Corki bot')",0.4697249999999999
Caitlyn,"('Braum', 'Ezreal')",0.587925
Caitlyn,"('Braum', 'Jhin')",0.6691250000000001
Caitlyn,"('Braum', 'Jinx')",0.586
Caitlyn,"('Braum', ""Kai'Sa"")",0.649
Caitlyn,"('Braum', ""Kog'Maw"")",0.66715
Caitlyn,"('Braum', 'Xayah')",0.59565
Caitlyn,"('Karma', 'Aphelios')",0.7771750000000001
Caitlyn,"('Karma', 'Ashe')",0.5543250000000001
Caitlyn,"('Karma', 'Corki bot')",0.6227749999999999
Caitlyn,"('Karma', 'Ezreal')",0.6594749999999999
Caitlyn,"('Karma', 'Jhin')",0.6371749999999999
Caitlyn,"('Karma', 'Jinx')",0.53905
Caitlyn,"('Karma', ""Kai'Sa"")",0.6635500000000001
Caitlyn,"('Karma', ""Kog'Maw"")",0.5077
Caitlyn,"('Karma', 'Xayah')",0.7024499999999999
Caitlyn,"('Leona', 'Aphelios')",0.80875
Caitlyn,"('Leona', 'Ashe')",0.6478999999999999
Caitlyn,"('Leona', 'Corki bot')",0.51985
Caitlyn,"('Leona', 'Ezreal')",0.6578
Caitlyn,"('Leona', 'Jhin')",0.666
Caitlyn,"('Leona', 'Jinx')",0.4418749999999998
Caitlyn,"('Leona', ""Kai'Sa"")",0.6391249999999999
Caitlyn,"('Leona', ""Kog'Maw"")",0.600275
Caitlyn,"('Leona', 'Xayah')",0.7107749999999998
Caitlyn,"('Lulu', 'Aphelios')",0.6689749999999999
Caitlyn,"('Lulu', 'Ashe')",0.5883749999999999
Caitlyn,"('Lulu', 'Corki bot')",0.5998249999999998
Caitlyn,"('Lulu', 'Ezreal')",0.6187749999999999
Caitlyn,"('Lulu', 'Jhin')",0.757225
Caitlyn,"('Lulu', 'Jinx')",0.5888499999999999
Caitlyn,"('Lulu', ""Kai'Sa"")",0.6868500000000001
Caitlyn,"('Lulu', ""Kog'Maw"")",0.5870000000000001
Caitlyn,"('Lulu', 'Xayah')",0.65575
Caitlyn,"('Nami', 'Aphelios')",0.780675
Caitlyn,"('Nami', 'Ashe')",0.6220749999999998
Caitlyn,"('Nami', 'Corki bot')",0.4927749999999999
Caitlyn,"('Nami', 'Ezreal')",0.6777249999999999
Caitlyn,"('Nami', 'Jhin')",0.5946749999999998
Caitlyn,"('Nami', 'Jinx')",0.5947999999999999
Caitlyn,"('Nami', ""Kai'Sa"")",0.7837999999999999
Caitlyn,"('Nami', ""Kog'Maw"")",0.6677000000000001
Caitlyn,"('Nami', 'Xayah')",0.75645
Caitlyn,"('Nautilus', 'Aphelios')",0.74735
Caitlyn,"('Nautilus', 'Ashe')",0.6285
Caitlyn,"('Nautilus', 'Corki bot')",0.5812
Caitlyn,"('Nautilus', 'Ezreal')",0.6678999999999999
Caitlyn,"('Nautilus', 'Jhin')",0.70935
Caitlyn,"('Nautilus', 'Jinx')",0.6829749999999999
Caitlyn,"('Nautilus', ""Kai'Sa"")",0.737475
Caitlyn,"('Nautilus', ""Kog'Maw"")",0.6138750000000001
Caitlyn,"('Nautilus', 'Xayah')",0.641875
Caitlyn,"('Pyke', 'Aphelios')",0.6939249999999999
Caitlyn,"('Pyke', 'Ashe')",0.631825
Caitlyn,"('Pyke', 'Corki bot')",0.462025
Caitlyn,"('Pyke', 'Ezreal')",0.725475
Caitlyn,"('Pyke', 'Jhin')",0.711675
Caitlyn,"('Pyke', 'Jinx')",0.6033
Caitlyn,"('Pyke', ""Kai'Sa"")",0.7422999999999998
Caitlyn,"('Pyke', ""Kog'Maw"")",0.4924499999999999
Caitlyn,"('Pyke', 'Xayah')",0.5466999999999999
Caitlyn,"('Rakan', 'Aphelios')",0.48875
Caitlyn,"('Rakan', 'Ashe')",0.528525
Caitlyn,"('Rakan', 'Corki bot')",0.4378250000000001
Caitlyn,"('Rakan', 'Ezreal')",0.6169500000000001
Caitlyn,"('Rakan', 'Jhin')",0.6297
Caitlyn,"('Rakan', 'Jinx')",0.5859750000000001
Caitlyn,"('Rakan', ""Kai'Sa"")",0.6240249999999999
Caitlyn,"('Rakan', ""Kog'Maw"")",0.6103250000000001
Caitlyn,"('Rakan', 'Xayah')",0.59875
Caitlyn,"('Rell', 'Aphelios')",0.652775
Caitlyn,"('Rell', 'Ashe')",0.5719249999999999
Caitlyn,"('Rell', 'Corki bot')",0.455625
Caitlyn,"('Rell', 'Ezreal')",0.620325
Caitlyn,"('Rell', 'Jhin')",0.612525
Caitlyn,"('Rell', 'Jinx')",0.4969
Caitlyn,"('Rell', ""Kai'Sa"")",0.5823999999999999
Caitlyn,"('Rell', ""Kog'Maw"")",0.5055499999999999
Caitlyn,"('Rell', 'Xayah')",0.60855
Caitlyn,"('Thresh', 'Aphelios')",0.6705249999999999
Caitlyn,"('Thresh', 'Ashe')",0.6626749999999998
Caitlyn,"('Thresh', 'Corki bot')",0.569125
Caitlyn,"('Thresh', 'Ezreal')",0.733075
Caitlyn,"('Thresh', 'Jhin')",0.7335249999999999
Caitlyn,"('Thresh', 'Jinx')",0.5308999999999999
Caitlyn,"('Thresh', ""Kai'Sa"")",0.7016499999999999
Caitlyn,"('Thresh', ""Kog'Maw"")",0.5538000000000001
Caitlyn,"('Thresh', 'Xayah')",0.6205499999999999
Corki bot,"('Braum', 'Aphelios')",0.7866
Corki bot,"('Braum', 'Ashe')",0.6405499999999998
Corki bot,"('Braum', 'Caitlyn')",0.6058499999999999
Corki bot,"('Braum', 'Ezreal')",0.6326750000000001
Corki bot,"('Braum', 'Jhin')",0.7385250000000001
Corki bot,"('Braum', 'Jinx')",0.6401249999999998
Corki bot,"('Braum', ""Kai'Sa"")",0.6739
Corki bot,"('Braum', ""Kog'Maw"")",0.7189749999999999
Corki bot,"('Braum', 'Xayah')",0.6436
Corki bot,"('Karma', 'Aphelios')",0.8098000000000002
Corki bot,"('Karma', 'Ashe')",0.58875
Corki bot,"('Karma', 'Caitlyn')",0.6607999999999998
Corki bot,"('Karma', 'Ezreal')",0.7016249999999999
Corki bot,"('Karma', 'Jhin')",0.7039749999999999
Corki bot,"('Karma', 'Jinx')",0.5905749999999999
Corki bot,"('Karma', ""Kai'Sa"")",0.6858500000000001
Corki bot,"('Karma', ""Kog'Maw"")",0.5569250000000001
Corki bot,"('Karma', 'Xayah')",0.7478
Corki bot,"('Leona', 'Aphelios')",0.85655
Corki bot,"('Leona', 'Ashe')",0.6919
Corki bot,"('Leona', 'Caitlyn')",0.64295
Corki bot,"('Leona', 'Ezreal')",0.7119
Corki bot,"('Leona', 'Jhin')",0.742375
Corki bot,"('Leona', 'Jinx')",0.5029749999999998
Corki bot,"('Leona', ""Kai'Sa"")",0.6783750000000001
Corki bot,"('Leona', ""Kog'Maw"")",0.659075
Corki bot,"('Leona', 'Xayah')",0.7656999999999999
Corki bot,"('Lulu', 'Aphelios')",0.6886749999999999
Corki bot,"('Lulu', 'Ashe')",0.609875
Corki bot,"('Lulu', 'Caitlyn')",0.6761750000000001
Corki bot,"('Lulu', 'Ezreal')",0.6479999999999998
Corki bot,"('Lulu', 'Jhin')",0.8111
Corki bot,"('Lulu', 'Jinx')",0.62745
Corki bot,"('Lulu', ""Kai'Sa"")",0.696225
Corki bot,"('Lulu', ""Kog'Maw"")",0.6233000000000001
Corki bot,"('Lulu', 'Xayah')",0.688175
Corki bot,"('Nami', 'Aphelios')",0.790425
Corki bot,"('Nami', 'Ashe')",0.6314749999999999
Corki bot,"('Nami', 'Caitlyn')",0.73085
Corki bot,"('Nami', 'Ezreal')",0.6948499999999999
Corki bot,"('Nami', 'Jhin')",0.63645
Corki bot,"('Nami', 'Jinx')",0.6213
Corki bot,"('Nami', ""Kai'Sa"")",0.78805
Corki bot,"('Nami', ""Kog'Maw"")",0.692975
Corki bot,"('Nami', 'Xayah')",0.776775
Corki bot,"('Nautilus', 'Aphelios')",0.7957000000000001
Corki bot,"('Nautilus', 'Ashe')",0.6673500000000001
Corki bot,"('Nautilus', 'Caitlyn')",0.779825
Corki bot,"('Nautilus', 'Ezreal')",0.72255
Corki bot,"('Nautilus', 'Jhin')",0.7830250000000001
Corki bot,"('Nautilus', 'Jinx')",0.7304749999999999
Corki bot,"('Nautilus', ""Kai'Sa"")",0.777275
Corki bot,"('Nautilus', ""Kog'Maw"")",0.6639500000000002
Corki bot,"('Nautilus', 'Xayah')",0.6914
Corki bot,"('Pyke', 'Aphelios')",0.7086250000000001
Corki bot,"('Pyke', 'Ashe')",0.637025
Corki bot,"('Pyke', 'Caitlyn')",0.6669999999999999
Corki bot,"('Pyke', 'Ezreal')",0.7464750000000001
Corki bot,"('Pyke', 'Jhin')",0.7517
Corki bot,"('Pyke', 'Jinx')",0.6239250000000001
Corki bot,"('Pyke', ""Kai'Sa"")",0.7542
Corki bot,"('Pyke', ""Kog'Maw"")",0.5253749999999999
Corki bot,"('Pyke', 'Xayah')",0.562575
Corki bot,"('Rakan', 'Aphelios')",0.580675
Corki bot,"('Rakan', 'Ashe')",0.6188250000000001
Corki bot,"('Rakan', 'Caitlyn')",0.544375
Corki bot,"('Rakan', 'Ezreal')",0.7070250000000001
Corki bot,"('Rakan', 'Jhin')",0.72375
Corki bot,"('Rakan', 'Jinx')",0.6839999999999999
Corki bot,"('Rakan', ""Kai'Sa"")",0.7170000000000001
Corki bot,"('Rakan', ""Kog'Maw"")",0.7232500000000001
Corki bot,"('Rakan', 'Xayah')",0.6763750000000002
Corki bot,"('Rell', 'Aphelios')",0.7021250000000001
Corki bot,"('Rell', 'Ashe')",0.6145999999999999
Corki bot,"('Rell', 'Caitlyn')",0.6676499999999999
Corki bot,"('Rell', 'Ezreal')",0.6759750000000001
Corki bot,"('Rell', 'Jhin')",0.6875749999999999
Corki bot,"('Rell', 'Jinx')",0.5566749999999999
Corki bot,"('Rell', ""Kai'Sa"")",0.6232
Corki bot,"('Rell', ""Kog'Maw"")",0.563025
Corki bot,"('Rell', 'Xayah')",0.66215
Corki bot,"('Thresh', 'Aphelios')",0.702975
Corki bot,"('Thresh', 'Ashe')",0.685625
Corki bot,"('Thresh', 'Caitlyn')",0.5906749999999998
Corki bot,"('Thresh', 'Ezreal')",0.7718250000000001
Corki bot,"('Thresh', 'Jhin')",0.7913
Corki bot,"('Thresh', 'Jinx')",0.560225
Corki bot,"('Thresh', ""Kai'Sa"")",0.72555
Corki bot,"('Thresh', ""Kog'Maw"")",0.5813
Corki bot,"('Thresh', 'Xayah')",0.6541750000000001
Ezreal,"('Braum', 'Aphelios')",0.613225
Ezreal,"('Braum', 'Ashe')",0.4725499999999999
Ezreal,"('Braum', 'Caitlyn')",0.443675
Ezreal,"('Braum', 'Corki bot')",0.3794000000000001
Ezreal,"('Braum', 'Jhin')",0.5541750000000001
Ezreal,"('Braum', 'Jinx')",0.465825
Ezreal,"('Braum', ""Kai'Sa"")",0.5067500000000001
Ezreal,"('Braum', ""Kog'Maw"")",0.5515500000000001
Ezreal,"('Braum', 'Xayah')",0.4859750000000001
Ezreal,"('Karma', 'Aphelios')",0.6972750000000001
Ezreal,"('Karma', 'Ashe')",0.4662499999999999
Ezreal,"('Karma', 'Caitlyn')",0.531175
Ezreal,"('Karma', 'Corki bot')",0.5474249999999999
Ezreal,"('Karma', 'Jhin')",0.5885249999999999
Ezreal,"('Karma', 'Jinx')",0.4549999999999999
Ezreal,"('Karma', ""Kai'Sa"")",0.5685250000000001
Ezreal,"('Karma', ""Kog'Maw"")",0.4197249999999999
Ezreal,"('Karma', 'Xayah')",0.629925
Ezreal,"('Leona', 'Aphelios')",0.7274499999999999
Ezreal,"('Leona', 'Ashe')",0.5584250000000001
Ezreal,"('Leona', 'Caitlyn')",0.50235
Ezreal,"('Leona', 'Corki bot')",0.4430999999999999
Ezreal,"('Leona', 'Jhin')",0.61595
Ezreal,"('Leona', 'Jinx')",0.3564249999999999
Ezreal,"('Leona', ""Kai'Sa"")",0.5426999999999998
Ezreal,"('Leona', ""Kog'Maw"")",0.5108999999999999
Ezreal,"('Leona', 'Xayah')",0.6368499999999998
Ezreal,"('Lulu', 'Aphelios')",0.5631499999999998
Ezreal,"('Lulu', 'Ashe')",0.474375
Ezreal,"('Lulu', 'Caitlyn')",0.5335499999999999
Ezreal,"('Lulu', 'Corki bot')",0.4985499999999997
Ezreal,"('Lulu', 'Jhin')",0.6826499999999999
Ezreal,"('Lulu', 'Jinx')",0.4788749999999999
Ezreal,"('Lulu', ""Kai'Sa"")",0.5659000000000001
Ezreal,"('Lulu', ""Kog'Maw"")",0.4731
Ezreal,"('Lulu', 'Xayah')",0.5573
Ezreal,"('Nami', 'Aphelios')",0.6942499999999998
Ezreal,"('Nami', 'Ashe')",0.5274749999999998
Ezreal,"('Nami', 'Caitlyn')",0.6136499999999999
Ezreal,"('Nami', 'Corki bot')",0.4108999999999999
Ezreal,"('Nami', 'Jhin')",0.5394999999999999
Ezreal,"('Nami', 'Jinx')",0.5042249999999998
Ezreal,"('Nami', ""Kai'Sa"")",0.6822499999999999
Ezreal,"('Nami', ""Kog'Maw"")",0.5731999999999999
Ezreal,"('Nami', 'Xayah')",0.6773999999999999
Ezreal,"('Nautilus', 'Aphelios')",0.6649999999999999
Ezreal,"('Nautilus', 'Ashe')",0.5379749999999999
Ezreal,"('Nautilus', 'Caitlyn')",0.6419
Ezreal,"('Nautilus', 'Corki bot')",0.5034000000000001
Ezreal,"('Nautilus', 'Jhin')",0.6582499999999999
Ezreal,"('Nautilus', 'Jinx')",0.596475
Ezreal,"('Nautilus', ""Kai'Sa"")",0.6399999999999999
Ezreal,"('Nautilus', ""Kog'Maw"")",0.5234500000000001
Ezreal,"('Nautilus', 'Xayah')",0.5669
Ezreal,"('Pyke', 'Aphelios')",0.5946749999999998
Ezreal,"('Pyke', 'Ashe')",0.5243999999999999
Ezreal,"('Pyke', 'Caitlyn')",0.5293249999999998
Ezreal,"('Pyke', 'Corki bot')",0.367325
Ezreal,"('Pyke', 'Jhin')",0.6436749999999998
Ezreal,"('Pyke', 'Jinx')",0.4999
Ezreal,"('Pyke', ""Kai'Sa"")",0.6279249999999998
Ezreal,"('Pyke', ""Kog'Maw"")",0.3851249999999999
Ezreal,"('Pyke', 'Xayah')",0.4548249999999998
Ezreal,"('Rakan', 'Aphelios')",0.4564249999999999
Ezreal,"('Rakan', 'Ashe')",0.4958999999999999
Ezreal,"('Rakan', 'Caitlyn')",0.4120749999999999
Ezreal,"('Rakan', 'Corki bot')",0.4068249999999999
Ezreal,"('Rakan', 'Jhin')",0.6054249999999999
Ezreal,"('Rakan', 'Jinx')",0.5521499999999999
Ezreal,"('Rakan', ""Kai'Sa"")",0.5861749999999999
Ezreal,"('Rakan', ""Kog'Maw"")",0.5883749999999999
Ezreal,"('Rakan', 'Xayah')",0.558325
Ezreal,"('Rell', 'Aphelios')",0.5786749999999999
Ezreal,"('Rell', 'Ashe')",0.4896499999999999
Ezreal,"('Rell', 'Caitlyn')",0.5355749999999999
Ezreal,"('Rell', 'Corki bot')",0.386075
Ezreal,"('Rell', 'Jhin')",0.5696749999999998
Ezreal,"('Rell', 'Jinx')",0.4186500000000001
Ezreal,"('Rell', ""Kai'Sa"")",0.4931749999999998
Ezreal,"('Rell', ""Kog'Maw"")",0.4233749999999999
Ezreal,"('Rell', 'Xayah')",0.541825
Ezreal,"('Thresh', 'Aphelios')",0.5917999999999999
Ezreal,"('Thresh', 'Ashe')",0.5757749999999998
Ezreal,"('Thresh', 'Caitlyn')",0.4789499999999998
Ezreal,"('Thresh', 'Corki bot')",0.4949499999999999
Ezreal,"('Thresh', 'Jhin')",0.6860499999999999
Ezreal,"('Thresh', 'Jinx')",0.4480249999999999
Ezreal,"('Thresh', ""Kai'Sa"")",0.6077999999999999
Ezreal,"('Thresh', ""Kog'Maw"")",0.467
Ezreal,"('Thresh', 'Xayah')",0.5491999999999998
Jhin,"('Braum', 'Aphelios')",0.6093500000000001
Jhin,"('Braum', 'Ashe')",0.47035
Jhin,"('Braum', 'Caitlyn')",0.437175
Jhin,"('Braum', 'Corki bot')",0.3702500000000001
Jhin,"('Braum', 'Ezreal')",0.4605000000000002
Jhin,"('Braum', 'Jinx')",0.4601
Jhin,"('Braum', ""Kai'Sa"")",0.5046500000000002
Jhin,"('Braum', ""Kog'Maw"")",0.5568500000000002
Jhin,"('Braum', 'Xayah')",0.4728
Jhin,"('Karma', 'Aphelios')",0.6623750000000002
Jhin,"('Karma', 'Ashe')",0.4483750000000001
Jhin,"('Karma', 'Caitlyn')",0.52195
Jhin,"('Karma', 'Corki bot')",0.550525
Jhin,"('Karma', 'Ezreal')",0.559275
Jhin,"('Karma', 'Jinx')",0.440375
Jhin,"('Karma', ""Kai'Sa"")",0.5464250000000002
Jhin,"('Karma', ""Kog'Maw"")",0.4246250000000001
Jhin,"('Karma', 'Xayah')",0.6068250000000001
Jhin,"('Leona', 'Aphelios')",0.6957500000000001
Jhin,"('Leona', 'Ashe')",0.5437500000000002
Jhin,"('Leona', 'Caitlyn')",0.4963250000000002
Jhin,"('Leona', 'Corki bot')",0.4494
Jhin,"('Leona', 'Ezreal')",0.5594
Jhin,"('Leona', 'Jinx')",0.345
Jhin,"('Leona', ""Kai'Sa"")",0.5238
Jhin,"('Leona', ""Kog'Maw"")",0.5190000000000002
Jhin,"('Leona', 'Xayah')",0.61695
Jhin,"('Lulu', 'Aphelios')",0.5553
Jhin,"('Lulu', 'Ashe')",0.4835500000000002
Jhin,"('Lulu', 'Caitlyn')",0.5513750000000002
Jhin,"('Lulu', 'Corki bot')",0.5287000000000001
Jhin,"('Lulu', 'Ezreal')",0.5196999999999999
Jhin,"('Lulu', 'Jinx')",0.4913
Jhin,"('Lulu', ""Kai'Sa"")",0.5708500000000002
Jhin,"('Lulu', ""Kog'Maw"")",0.5050500000000002
Jhin,"('Lulu', 'Xayah')",0.5612500000000001
Jhin,"('Nami', 'Aphelios')",0.6395500000000001
Jhin,"('Nami', 'Ashe')",0.4734
Jhin,"('Nami', 'Caitlyn')",0.5946500000000001
Jhin,"('Nami', 'Corki bot')",0.3666
Jhin,"('Nami', 'Ezreal')",0.550875
Jhin,"('Nami', 'Jinx')",0.457975
Jhin,"('Nami', ""Kai'Sa"")",0.643475
Jhin,"('Nami', ""Kog'Maw"")",0.5479000000000002
Jhin,"('Nami', 'Xayah')",0.619325
Jhin,"('Nautilus', 'Aphelios')",0.6098250000000001
Jhin,"('Nautilus', 'Ashe')",0.4998250000000001
Jhin,"('Nautilus', 'Caitlyn')",0.6136750000000001
Jhin,"('Nautilus', 'Corki bot')",0.4862250000000002
Jhin,"('Nautilus', 'Ezreal')",0.544975
Jhin,"('Nautilus', 'Jinx')",0.5615749999999999
Jhin,"('Nautilus', ""Kai'Sa"")",0.5976250000000001
Jhin,"('Nautilus', ""Kog'Maw"")",0.5080750000000002
Jhin,"('Nautilus', 'Xayah')",0.523525
Jhin,"('Pyke', 'Aphelios')",0.5529000000000001
Jhin,"('Pyke', 'Ashe')",0.49965
Jhin,"('Pyke', 'Caitlyn')",0.513225
Jhin,"('Pyke', 'Corki bot')",0.36355
Jhin,"('Pyke', 'Ezreal')",0.5990500000000002
Jhin,"('Pyke', 'Jinx')",0.4784000000000001
Jhin,"('Pyke', ""Kai'Sa"")",0.59895
Jhin,"('Pyke', ""Kog'Maw"")",0.38315
Jhin,"('Pyke', 'Xayah')",0.42485
Jhin,"('Rakan', 'Aphelios')",0.424
Jhin,"('Rakan', 'Ashe')",0.4805000000000001
Jhin,"('Rakan', 'Caitlyn')",0.4053250000000001
Jhin,"('Rakan', 'Corki bot')",0.4124000000000001
Jhin,"('Rakan', 'Ezreal')",0.5586500000000002
Jhin,"('Rakan', 'Jinx')",0.5400000000000001
Jhin,"('Rakan', ""Kai'Sa"")",0.56655
Jhin,"('Rakan', ""Kog'Maw"")",0.5957500000000002
Jhin,"('Rakan', 'Xayah')",0.5377000000000001
Jhin,"('Rell', 'Aphelios')",0.5391500000000001
Jhin,"('Rell', 'Ashe')",0.46715
Jhin,"('Rell', 'Caitlyn')",0.521725
Jhin,"('Rell', 'Corki bot')",0.3845500000000001
Jhin,"('Rell', 'Ezreal')",0.5213000000000001
Jhin,"('Rell', 'Jinx')",0.3994000000000001
Jhin,"('Rell', ""Kai'Sa"")",0.4664500000000001
Jhin,"('Rell', ""Kog'Maw"")",0.4236500000000001
Jhin,"('Rell', 'Xayah')",0.5141000000000001
Jhin,"('Thresh', 'Aphelios')",0.54995
Jhin,"('Thresh', 'Ashe')",0.5509499999999999
Jhin,"('Thresh', 'Caitlyn')",0.462775
Jhin,"('Thresh', 'Corki bot')",0.4911
Jhin,"('Thresh', 'Ezreal')",0.6271000000000001
Jhin,"('Thresh', 'Jinx')",0.42645
Jhin,"('Thresh', ""Kai'Sa"")",0.57875
Jhin,"('Thresh', ""Kog'Maw"")",0.4649500000000002
Jhin,"('Thresh', 'Xayah')",0.51915
Jinx,"('Braum', 'Aphelios')",0.7795
Jinx,"('Braum', 'Ashe')",0.63775
Jinx,"('Braum', 'Caitlyn')",0.6072
Jinx,"('Braum', 'Corki bot')",0.5150999999999999
Jinx,"('Braum', 'Ezreal')",0.6435750000000001
Jinx,"('Braum', 'Jhin')",0.7325500000000001
Jinx,"('Braum', ""Kai'Sa"")",0.6816500000000001
Jinx,"('Braum', ""Kog'Maw"")",0.7037750000000002
Jinx,"('Braum', 'Xayah')",0.633175
Jinx,"('Karma', 'Aphelios')",0.8055000000000001
Jinx,"('Karma', 'Ashe')",0.5887500000000001
Jinx,"('Karma', 'Caitlyn')",0.66495
Jinx,"('Karma', 'Corki bot')",0.6683500000000001
Jinx,"('Karma', 'Ezreal')",0.715325
Jinx,"('Karma', 'Jhin')",0.7008000000000001
Jinx,"('Karma', ""Kai'Sa"")",0.6964000000000001
Jinx,"('Karma', ""Kog'Maw"")",0.5445250000000001
Jinx,"('Karma', 'Xayah')",0.7401750000000001
Jinx,"('Leona', 'Aphelios')",0.7939499999999999
Jinx,"('Leona', 'Ashe')",0.621325
Jinx,"('Leona', 'Caitlyn')",0.591975
Jinx,"('Leona', 'Corki bot')",0.5145250000000001
Jinx,"('Leona', 'Ezreal')",0.6542499999999999
Jinx,"('Leona', 'Jhin')",0.676475
Jinx,"('Leona', ""Kai'Sa"")",0.6202249999999999
Jinx,"('Leona', ""Kog'Maw"")",0.60555
Jinx,"('Leona', 'Xayah')",0.6990999999999998
Jinx,"('Lulu', 'Aphelios')",0.707725
Jinx,"('Lulu', 'Ashe')",0.633225
Jinx,"('Lulu', 'Caitlyn')",0.7036750000000002
Jinx,"('Lulu', 'Corki bot')",0.655825
Jinx,"('Lulu', 'Ezreal')",0.68505
Jinx,"('Lulu', 'Jhin')",0.8312750000000002
Jinx,"('Lulu', ""Kai'Sa"")",0.7301250000000001
Jinx,"('Lulu', ""Kog'Maw"")",0.6342500000000001
Jinx,"('Lulu', 'Xayah')",0.7039000000000002
Jinx,"('Nami', 'Aphelios')",0.8057
Jinx,"('Nami', 'Ashe')",0.6532
Jinx,"('Nami', 'Caitlyn')",0.7506500000000002
Jinx,"('Nami', 'Corki bot')",0.5350499999999999
Jinx,"('Nami', 'Ezreal')",0.730275
Jinx,"('Nami', 'Jhin')",0.655
Jinx,"('Nami', ""Kai'Sa"")",0.8133500000000001
Jinx,"('Nami', ""Kog'Maw"")",0.7012250000000002
Jinx,"('Nami', 'Xayah')",0.7908750000000001
Jinx,"('Nautilus', 'Aphelios')",0.786575
Jinx,"('Nautilus', 'Ashe')",0.6738250000000001
Jinx,"('Nautilus', 'Caitlyn')",0.7890250000000002
Jinx,"('Nautilus', 'Corki bot')",0.6376750000000001
Jinx,"('Nautilus', 'Ezreal')",0.73465
Jinx,"('Nautilus', 'Jhin')",0.7838750000000002
Jinx,"('Nautilus', ""Kai'Sa"")",0.7812250000000001
Jinx,"('Nautilus', ""Kog'Maw"")",0.6616000000000001
Jinx,"('Nautilus', 'Xayah')",0.6905000000000001
Jinx,"('Pyke', 'Aphelios')",0.7116750000000001
Jinx,"('Pyke', 'Ashe')",0.655675
Jinx,"('Pyke', 'Caitlyn')",0.671875
Jinx,"('Pyke', 'Corki bot')",0.4970250000000001
Jinx,"('Pyke', 'Ezreal')",0.7707500000000002
Jinx,"('Pyke', 'Jhin')",0.764725
Jinx,"('Pyke', ""Kai'Sa"")",0.7645750000000001
Jinx,"('Pyke', ""Kog'Maw"")",0.5187
Jinx,"('Pyke', 'Xayah')",0.5738500000000001
Jinx,"('Rakan', 'Aphelios')",0.5769250000000001
Jinx,"('Rakan', 'Ashe')",0.630675
Jinx,"('Rakan', 'Caitlyn')",0.5581250000000001
Jinx,"('Rakan', 'Corki bot')",0.5400250000000001
Jinx,"('Rakan', 'Ezreal')",0.7245000000000001
Jinx,"('Rakan', 'Jhin')",0.729975
Jinx,"('Rakan', ""Kai'Sa"")",0.726325
Jinx,"('Rakan', ""Kog'Maw"")",0.7254500000000002
Jinx,"('Rakan', 'Xayah')",0.6808500000000001
Jinx,"('Rell', 'Aphelios')",0.7005750000000001
Jinx,"('Rell', 'Ashe')",0.6258250000000001
Jinx,"('Rell', 'Caitlyn')",0.6830250000000001
Jinx,"('Rell', 'Corki bot')",0.5206750000000001
Jinx,"('Rell', 'Ezreal')",0.69565
Jinx,"('Rell', 'Jhin')",0.695625
Jinx,"('Rell', ""Kai'Sa"")",0.634725
Jinx,"('Rell', ""Kog'Maw"")",0.5618500000000001
Jinx,"('Rell', 'Xayah')",0.6657500000000002
Jinx,"('Thresh', 'Aphelios')",0.701275
Jinx,"('Thresh', 'Ashe')",0.699525
Jinx,"('Thresh', 'Caitlyn')",0.6139749999999999
Jinx,"('Thresh', 'Corki bot')",0.617125
Jinx,"('Thresh', 'Ezreal')",0.7913500000000001
Jinx,"('Thresh', 'Jhin')",0.799575
Jinx,"('Thresh', ""Kai'Sa"")",0.7369249999999999
Jinx,"('Thresh', ""Kog'Maw"")",0.5930500000000002
Jinx,"('Thresh', 'Xayah')",0.6607
Kai'Sa,"('Braum', 'Aphelios')",0.6287
Kai'Sa,"('Braum', 'Ashe')",0.4904249999999999
Kai'Sa,"('Braum', 'Caitlyn')",0.480275
Kai'Sa,"('Braum', 'Corki bot')",0.3768
Kai'Sa,"('Braum', 'Ezreal')",0.5068250000000002
Kai'Sa,"('Braum', 'Jhin')",0.5896250000000001
Kai'Sa,"('Braum', 'Jinx')",0.495275
Kai'Sa,"('Braum', ""Kog'Maw"")",0.581075
Kai'Sa,"('Braum', 'Xayah')",0.4875500000000001
Kai'Sa,"('Karma', 'Aphelios')",0.6739500000000002
Kai'Sa,"('Karma', 'Ashe')",0.4606750000000001
Kai'Sa,"('Karma', 'Caitlyn')",0.5572750000000001
Kai'Sa,"('Karma', 'Corki bot')",0.5493
Kai'Sa,"('Karma', 'Ezreal')",0.5978249999999999
Kai'Sa,"('Karma', 'Jhin')",0.5771249999999999
Kai'Sa,"('Karma', 'Jinx')",0.467775
Kai'Sa,"('Karma', ""Kog'Maw"")",0.441075
Kai'Sa,"('Karma', 'Xayah')",0.6138000000000001
Kai'Sa,"('Leona', 'Aphelios')",0.7002000000000002
Kai'Sa,"('Leona', 'Ashe')",0.5489250000000001
Kai'Sa,"('Leona', 'Caitlyn')",0.5245250000000001
Kai'Sa,"('Leona', 'Corki bot')",0.44105
Kai'Sa,"('Leona', 'Ezreal')",0.590825
Kai'Sa,"('Leona', 'Jhin')",0.6006250000000002
Kai'Sa,"('Leona', 'Jinx')",0.365275
Kai'Sa,"('Leona', ""Kog'Maw"")",0.5283250000000003
Kai'Sa,"('Leona', 'Xayah')",0.6168
Kai'Sa,"('Lulu', 'Aphelios')",0.563275
Kai'Sa,"('Lulu', 'Ashe')",0.4922500000000001
Kai'Sa,"('Lulu', 'Caitlyn')",0.5831000000000001
Kai'Sa,"('Lulu', 'Corki bot')",0.523875
Kai'Sa,"('Lulu', 'Ezreal')",0.5546500000000001
Kai'Sa,"('Lulu', 'Jhin')",0.6947000000000001
Kai'Sa,"('Lulu', 'Jinx')",0.5151
Kai'Sa,"('Lulu', ""Kog'Maw"")",0.5179000000000001
Kai'Sa,"('Lulu', 'Xayah')",0.5646250000000002
Kai'Sa,"('Nami', 'Aphelios')",0.6763750000000001
Kai'Sa,"('Nami', 'Ashe')",0.52735
Kai'Sa,"('Nami', 'Caitlyn')",0.6452000000000001
Kai'Sa,"('Nami', 'Corki bot')",0.4182249999999999
Kai'Sa,"('Nami', 'Ezreal')",0.615
Kai'Sa,"('Nami', 'Jhin')",0.5335499999999999
Kai'Sa,"('Nami', 'Jinx')",0.5224500000000001
Kai'Sa,"('Nami', ""Kog'Maw"")",0.6000000000000001
Kai'Sa,"('Nami', 'Xayah')",0.666725
Kai'Sa,"('Nautilus', 'Aphelios')",0.6471000000000001
Kai'Sa,"('Nautilus', 'Ashe')",0.5378250000000001
Kai'Sa,"('Nautilus', 'Caitlyn')",0.673425
Kai'Sa,"('Nautilus', 'Corki bot')",0.5107000000000002
Kai'Sa,"('Nautilus', 'Ezreal')",0.609225
Kai'Sa,"('Nautilus', 'Jhin')",0.652275
Kai'Sa,"('Nautilus', 'Jinx')",0.614675
Kai'Sa,"('Nautilus', ""Kog'Maw"")",0.5502250000000002
Kai'Sa,"('Nautilus', 'Xayah')",0.5562
Kai'Sa,"('Pyke', 'Aphelios')",0.5892000000000001
Kai'Sa,"('Pyke', 'Ashe')",0.536675
Kai'Sa,"('Pyke', 'Caitlyn')",0.573275
Kai'Sa,"('Pyke', 'Corki bot')",0.3870500000000001
Kai'Sa,"('Pyke', 'Ezreal')",0.6623250000000002
Kai'Sa,"('Pyke', 'Jhin')",0.6501250000000001
Kai'Sa,"('Pyke', 'Jinx')",0.5305250000000001
Kai'Sa,"('Pyke', ""Kog'Maw"")",0.424325
Kai'Sa,"('Pyke', 'Xayah')",0.45655
Kai'Sa,"('Rakan', 'Aphelios')",0.4125250000000001
Kai'Sa,"('Rakan', 'Ashe')",0.4697500000000001
Kai'Sa,"('Rakan', 'Caitlyn')",0.4176000000000001
Kai'Sa,"('Rakan', 'Corki bot')",0.388125
Kai'Sa,"('Rakan', 'Ezreal')",0.5741500000000002
Kai'Sa,"('Rakan', 'Jhin')",0.57345
Kai'Sa,"('Rakan', 'Jinx')",0.5443500000000001
Kai'Sa,"('Rakan', ""Kog'Maw"")",0.5891500000000002
Kai'Sa,"('Rakan', 'Xayah')",0.5216250000000001
Kai'Sa,"('Rell', 'Aphelios')",0.51315
Kai'Sa,"('Rell', 'Ashe')",0.4433999999999999
Kai'Sa,"('Rell', 'Caitlyn')",0.497675
Kai'Sa,"('Rell', 'Corki bot')",0.33215
Kai'Sa,"('Rell', 'Ezreal')",0.519075
Kai'Sa,"('Rell', 'Jhin')",0.5220749999999998
Kai'Sa,"('Rell', 'Jinx')",0.3797750000000001
Kai'Sa,"('Rell', ""Kog'Maw"")",0.3667249999999999
Kai'Sa,"('Rell', 'Xayah')",0.4870250000000001
Kai'Sa,"('Thresh', 'Aphelios')",0.5608
Kai'Sa,"('Thresh', 'Ashe')",0.5625249999999999
Kai'Sa,"('Thresh', 'Caitlyn')",0.4973749999999999
Kai'Sa,"('Thresh', 'Corki bot')",0.4891500000000001
Kai'Sa,"('Thresh', 'Ezreal')",0.6649250000000001
Kai'Sa,"('Thresh', 'Jhin')",0.666975
Kai'Sa,"('Thresh', 'Jinx')",0.453125
Kai'Sa,"('Thresh', ""Kog'Maw"")",0.4806750000000001
Kai'Sa,"('Thresh', 'Xayah')",0.5254000000000001
Kog'Maw,"('Braum', 'Aphelios')",0.7709250000000001
Kog'Maw,"('Braum', 'Ashe')",0.631875
Kog'Maw,"('Braum', 'Caitlyn')",0.591975
Kog'Maw,"('Braum', 'Corki bot')",0.506375
Kog'Maw,"('Braum', 'Ezreal')",0.6148750000000002
Kog'Maw,"('Braum', 'Jhin')",0.7250250000000001
Kog'Maw,"('Braum', 'Jinx')",0.6195499999999999
Kog'Maw,"('Braum', ""Kai'Sa"")",0.6599250000000001
Kog'Maw,"('Braum', 'Xayah')",0.6512
Kog'Maw,"('Karma', 'Aphelios')",0.7915000000000002
Kog'Maw,"('Karma', 'Ashe')",0.57745
Kog'Maw,"('Karma', 'Caitlyn')",0.6443000000000001
Kog'Maw,"('Karma', 'Corki bot')",0.6542
Kog'Maw,"('Karma', 'Ezreal')",0.6812
Kog'Maw,"('Karma', 'Jhin')",0.68785
Kog'Maw,"('Karma', 'Jinx')",0.567375
Kog'Maw,"('Karma', ""Kai'Sa"")",0.6692500000000001
Kog'Maw,"('Karma', 'Xayah')",0.7527750000000001
Kog'Maw,"('Leona', 'Aphelios')",0.834175
Kog'Maw,"('Leona', 'Ashe')",0.6821250000000001
Kog'Maw,"('Leona', 'Caitlyn')",0.6279750000000002
Kog'Maw,"('Leona', 'Corki bot')",0.5623750000000001
Kog'Maw,"('Leona', 'Ezreal')",0.690625
Kog'Maw,"('Leona', 'Jhin')",0.7277750000000001
Kog'Maw,"('Leona', 'Jinx')",0.4812999999999999
Kog'Maw,"('Leona', ""Kai'Sa"")",0.655925
Kog'Maw,"('Leona', 'Xayah')",0.7722
Kog'Maw,"('Lulu', 'Aphelios')",0.68565
Kog'Maw,"('Lulu', 'Ashe')",0.61385
Kog'Maw,"('Lulu', 'Caitlyn')",0.67495
Kog'Maw,"('Lulu', 'Corki bot')",0.6335999999999999
Kog'Maw,"('Lulu', 'Ezreal')",0.6428499999999999
Kog'Maw,"('Lulu', 'Jhin')",0.81025
Kog'Maw,"('Lulu', 'Jinx')",0.6195250000000001
Kog'Maw,"('Lulu', ""Kai'Sa"")",0.6949000000000001
Kog'Maw,"('Lulu', 'Xayah')",0.7084250000000001
Kog'Maw,"('Nami', 'Aphelios')",0.7665000000000001
Kog'Maw,"('Nami', 'Ashe')",0.6167
Kog'Maw,"('Nami', 'Caitlyn')",0.7048000000000002
Kog'Maw,"('Nami', 'Corki bot')",0.4957000000000001
Kog'Maw,"('Nami', 'Ezreal')",0.6709499999999999
Kog'Maw,"('Nami', 'Jhin')",0.61685
Kog'Maw,"('Nami', 'Jinx')",0.5946250000000001
Kog'Maw,"('Nami', ""Kai'Sa"")",0.7610000000000001
Kog'Maw,"('Nami', 'Xayah')",0.778275
Kog'Maw,"('Nautilus', 'Aphelios')",0.761175
Kog'Maw,"('Nautilus', 'Ashe')",0.6511250000000001
Kog'Maw,"('Nautilus', 'Caitlyn')",0.7569750000000001
Kog'Maw,"('Nautilus', 'Corki bot')",0.6121250000000003
Kog'Maw,"('Nautilus', 'Ezreal')",0.689125
Kog'Maw,"('Nautilus', 'Jhin')",0.7595250000000001
Kog'Maw,"('Nautilus', 'Jinx')",0.7108
Kog'Maw,"('Nautilus', ""Kai'Sa"")",0.742675
Kog'Maw,"('Nautilus', 'Xayah')",0.6917
Kog'Maw,"('Pyke', 'Aphelios')",0.661475
Kog'Maw,"('Pyke', 'Ashe')",0.595175
Kog'Maw,"('Pyke', 'Caitlyn')",0.6270749999999999
Kog'Maw,"('Pyke', 'Corki bot')",0.4430749999999999
Kog'Maw,"('Pyke', 'Ezreal')",0.7002250000000001
Kog'Maw,"('Pyke', 'Jhin')",0.7005499999999999
Kog'Maw,"('Pyke', 'Jinx')",0.5773
Kog'Maw,"('Pyke', ""Kai'Sa"")",0.714175
Kog'Maw,"('Pyke', 'Xayah')",0.543975
Kog'Maw,"('Rakan', 'Aphelios')",0.5330000000000001
Kog'Maw,"('Rakan', 'Ashe')",0.58945
Kog'Maw,"('Rakan', 'Caitlyn')",0.5075500000000001
Kog'Maw,"('Rakan', 'Corki bot')",0.4959500000000001
Kog'Maw,"('Rakan', 'Ezreal')",0.6604500000000002
Kog'Maw,"('Rakan', 'Jhin')",0.6871
Kog'Maw,"('Rakan', 'Jinx')",0.646875
Kog'Maw,"('Rakan', ""Kai'Sa"")",0.66925
Kog'Maw,"('Rakan', 'Xayah')",0.663525
Kog'Maw,"('Rell', 'Aphelios')",0.654675
Kog'Maw,"('Rell', 'Ashe')",0.5826250000000001
Kog'Maw,"('Rell', 'Caitlyn')",0.6304749999999999
Kog'Maw,"('Rell', 'Corki bot')",0.4746250000000001
Kog'Maw,"('Rell', 'Ezreal')",0.629625
Kog'Maw,"('Rell', 'Jhin')",0.650775
Kog'Maw,"('Rell', 'Jinx')",0.5128000000000001
Kog'Maw,"('Rell', ""Kai'Sa"")",0.5756749999999999
Kog'Maw,"('Rell', 'Xayah')",0.6464500000000001
Kog'Maw,"('Thresh', 'Aphelios')",0.680575
Kog'Maw,"('Thresh', 'Ashe')",0.681525
Kog'Maw,"('Thresh', 'Caitlyn')",0.586625
Kog'Maw,"('Thresh', 'Corki bot')",0.596275
Kog'Maw,"('Thresh', 'Ezreal')",0.7505250000000001
Kog'Maw,"('Thresh', 'Jhin')",0.779925
Kog'Maw,"('Thresh', 'Jinx')",0.5549499999999999
Kog'Maw,"('Thresh', ""Kai'Sa"")",0.703075
Kog'Maw,"('Thresh', 'Xayah')",0.6666
Xayah,"('Braum', 'Aphelios')",0.70355
Xayah,"('Braum', 'Ashe')",0.55535
Xayah,"('Braum', 'Caitlyn')",0.5037999999999999
Xayah,"('Braum', 'Corki bot')",0.437425
Xayah,"('Braum', 'Ezreal')",0.5451750000000001
Xayah,"('Braum', 'Jhin')",0.6476500000000002
Xayah,"('Braum', 'Jinx')",0.541375
Xayah,"('Braum', ""Kai'Sa"")",0.586825
Xayah,"('Braum', ""Kog'Maw"")",0.6033750000000001
Xayah,"('Karma', 'Aphelios')",0.7414500000000002
Xayah,"('Karma', 'Ashe')",0.51825
Xayah,"('Karma', 'Caitlyn')",0.57345
Xayah,"('Karma', 'Corki bot')",0.602575
Xayah,"('Karma', 'Ezreal')",0.6288250000000001
Xayah,"('Karma', 'Jhin')",0.6278
Xayah,"('Karma', 'Jinx')",0.506525
Xayah,"('Karma', ""Kai'Sa"")",0.613475
Xayah,"('Karma', ""Kog'Maw"")",0.456025
Xayah,"('Leona', 'Aphelios')",0.789825
Xayah,"('Leona', 'Ashe')",0.628625
Xayah,"('Leona', 'Caitlyn')",0.562825
Xayah,"('Leona', 'Corki bot')",0.51645
Xayah,"('Leona', 'Ezreal')",0.6439499999999999
Xayah,"('Leona', 'Jhin')",0.673425
Xayah,"('Leona', 'Jinx')",0.42615
Xayah,"('Leona', ""Kai'Sa"")",0.60585
Xayah,"('Leona', ""Kog'Maw"")",0.5654
Xayah,"('Lulu', 'Aphelios')",0.6277999999999999
Xayah,"('Lulu', 'Ashe')",0.5468500000000001
Xayah,"('Lulu', 'Caitlyn')",0.5963
Xayah,"('Lulu', 'Corki bot')",0.5741749999999999
Xayah,"('Lulu', 'Ezreal')",0.5826749999999999
Xayah,"('Lulu', 'Jhin')",0.7424000000000001
Xayah,"('Lulu', 'Jinx')",0.550875
Xayah,"('Lulu', ""Kai'Sa"")",0.631325
Xayah,"('Lulu', ""Kog'Maw"")",0.5298750000000001
Xayah,"('Nami', 'Aphelios')",0.7348
Xayah,"('Nami', 'Ashe')",0.57585
Xayah,"('Nami', 'Caitlyn')",0.6523000000000002
Xayah,"('Nami', 'Corki bot')",0.462425
Xayah,"('Nami', 'Ezreal')",0.636925
Xayah,"('Nami', 'Jhin')",0.57515
Xayah,"('Nami', 'Jinx')",0.552125
Xayah,"('Nami', ""Kai'Sa"")",0.7235750000000001
Xayah,"('Nami', ""Kog'Maw"")",0.6058750000000002
Xayah,"('Nautilus', 'Aphelios')",0.7171500000000001
Xayah,"('Nautilus', 'Ashe')",0.59795
Xayah,"('Nautilus', 'Caitlyn')",0.69215
Xayah,"('Nautilus', 'Corki bot')",0.5665250000000001
Xayah,"('Nautilus', 'Ezreal')",0.642775
Xayah,"('Nautilus', 'Jhin')",0.7055000000000001
Xayah,"('Nautilus', 'Jinx')",0.655975
Xayah,"('Nautilus', ""Kai'Sa"")",0.692925
Xayah,"('Nautilus', ""Kog'Maw"")",0.567725
Xayah,"('Pyke', 'Aphelios')",0.5963499999999999
Xayah,"('Pyke', 'Ashe')",0.5226
Xayah,"('Pyke', 'Caitlyn')",0.5087249999999999
Xayah,"('Pyke', 'Corki bot')",0.3564
Xayah,"('Pyke', 'Ezreal')",0.62975
Xayah,"('Pyke', 'Jhin')",0.6315999999999999
Xayah,"('Pyke', 'Jinx')",0.48525
Xayah,"('Pyke', ""Kai'Sa"")",0.6321499999999999
Xayah,"('Pyke', ""Kog'Maw"")",0.3535499999999999
Xayah,"('Rakan', 'Aphelios')",0.4995500000000001
Xayah,"('Rakan', 'Ashe')",0.5468500000000001
Xayah,"('Rakan', 'Caitlyn')",0.4533000000000001
Xayah,"('Rakan', 'Corki bot')",0.4609250000000001
Xayah,"('Rakan', 'Ezreal')",0.6246750000000002
Xayah,"('Rakan', 'Jhin')",0.6436499999999999
Xayah,"('Rakan', 'Jinx')",0.6026250000000001
Xayah,"('Rakan', ""Kai'Sa"")",0.630075
Xayah,"('Rakan', ""Kog'Maw"")",0.6236250000000001
Xayah,"('Rell', 'Aphelios')",0.628175
Xayah,"('Rell', 'Ashe')",0.5469749999999999
Xayah,"('Rell', 'Caitlyn')",0.583175
Xayah,"('Rell', 'Corki bot')",0.44655
Xayah,"('Rell', 'Ezreal')",0.6008
Xayah,"('Rell', 'Jhin')",0.6142749999999999
Xayah,"('Rell', 'Jinx')",0.4755
Xayah,"('Rell', ""Kai'Sa"")",0.5434499999999999
Xayah,"('Rell', ""Kog'Maw"")",0.465
Xayah,"('Thresh', 'Aphelios')",0.6337
Xayah,"('Thresh', 'Ashe')",0.6255
Xayah,"('Thresh', 'Caitlyn')",0.5189499999999999
Xayah,"('Thresh', 'Corki bot')",0.547825
Xayah,"('Thresh', 'Ezreal')",0.7013250000000001
Xayah,"('Thresh', 'Jhin')",0.72305
Xayah,"('Thresh', 'Jinx')",0.4972749999999999
Xayah,"('Thresh', ""Kai'Sa"")",0.650475
Xayah,"('Thresh', ""Kog'Maw"")",0.5010250000000002
